{
  "tag": "anp_npe_v1",
  "fix_cosmo": false,
  "n_free_params": 35,
  "n_sims": 200000,
  "n_clusters": 129,
  "n_per_bin": [
    7,
    5,
    39,
    78
  ],
  "mass_bin_edges": [
    13.2,
    13.6,
    14.0,
    14.5,
    14.9
  ],
  "n_constrained": 35,
  "n_railing": 0,
  "constraints": {
    "Omega0": {
      "median": 0.21330147981643677,
      "p16": 0.1434009075164795,
      "p84": 0.308075053691864,
      "p5": 0.11867691837251186,
      "p95": 0.37262911498546597,
      "width_frac": 0.4121696647945949,
      "rail_pct": 1.6820000000000002,
      "is_cosmo": true
    },
    "sigma8": {
      "median": 0.6630027890205383,
      "p16": 0.6172100853919983,
      "p84": 0.7517781925201416,
      "p5": 0.6053813576698304,
      "p95": 0.8262052595615382,
      "width_frac": 0.3366306619840982,
      "rail_pct": 7.603999999999999,
      "is_cosmo": true
    },
    "WindEnergyIn1e51erg": {
      "median": 9.688588341296915,
      "p16": 4.828497016280792,
      "p84": 12.624275811603006,
      "p5": 2.13183868000511,
      "p95": 13.712948487576252,
      "width_frac": 0.5775596446027249,
      "rail_pct": 5.798,
      "is_cosmo": false
    },
    "RadioFeedbackFactor": {
      "median": 0.662958857600773,
      "p16": 0.372054138884807,
      "p84": 1.2997592286040756,
      "p5": 0.2892760444776028,
      "p95": 2.0045911971617705,
      "width_frac": 0.24768590750990355,
      "rail_pct": 1.762,
      "is_cosmo": false
    },
    "VariableWindVelFactor": {
      "median": 10.483560981710669,
      "p16": 7.024156144529066,
      "p84": 13.036735315647254,
      "p5": 5.208602902959348,
      "p95": 14.055419363607495,
      "width_frac": 0.5422746981897227,
      "rail_pct": 2.432,
      "is_cosmo": false
    },
    "RadioFeedbackReiorientationFactor": {
      "median": 25.467429758091015,
      "p16": 17.108470995748252,
      "p84": 34.656292825174475,
      "p5": 13.493473988691632,
      "p95": 37.783915561137285,
      "width_frac": 0.5860995935012098,
      "rail_pct": 2.226,
      "is_cosmo": false
    },
    "OmegaBaryon": {
      "median": 0.0324470829218626,
      "p16": 0.030108070969581603,
      "p84": 0.04020740643143654,
      "p5": 0.029394239652901888,
      "p95": 0.05231119096279139,
      "width_frac": 0.2526349675268896,
      "rail_pct": 11.426,
      "is_cosmo": true
    },
    "HubbleParam": {
      "median": 0.4949429780244827,
      "p16": 0.4774648606777191,
      "p84": 0.529923095703125,
      "p5": 0.473030136525631,
      "p95": 0.5628828674554824,
      "width_frac": 0.13126044044890758,
      "rail_pct": 19.991999999999997,
      "is_cosmo": true
    },
    "n_s": {
      "median": 0.917100191116333,
      "p16": 0.8135076141357422,
      "p84": 1.043796043395996,
      "p5": 0.7810517996549606,
      "p95": 1.1046022653579712,
      "width_frac": 0.5764271964663059,
      "rail_pct": 1.9879999999999998,
      "is_cosmo": true
    },
    "MaxSfrTimescale": {
      "median": 2.4004959843470264,
      "p16": 1.671219745227532,
      "p84": 3.393422680576401,
      "p5": 1.36421443361797,
      "p95": 4.0238496172617415,
      "width_frac": 0.5066047758049329,
      "rail_pct": 0.9440000000000001,
      "is_cosmo": false
    },
    "FactorForSofterEQS": {
      "median": 0.32936071265894673,
      "p16": 0.18375306647087783,
      "p84": 0.575419831199851,
      "p5": 0.13196772996295272,
      "p95": 0.7537558077274188,
      "width_frac": 0.49018393122696946,
      "rail_pct": 1.166,
      "is_cosmo": false
    },
    "IMFslope": {
      "median": -2.555079221725464,
      "p16": -2.690328359603882,
      "p84": -2.3865816307067873,
      "p5": -2.744815635681152,
      "p95": -2.2721835374832153,
      "width_frac": 0.3042335025010962,
      "rail_pct": 0.898,
      "is_cosmo": false
    },
    "SNII_MinMass_Msun": {
      "median": 8.785172462463379,
      "p16": 6.248162269592285,
      "p84": 10.755334396362304,
      "p5": 5.013889765739441,
      "p95": 11.515167999267577,
      "width_frac": 0.5638969744110421,
      "rail_pct": 1.422,
      "is_cosmo": false
    },
    "ThermalWindFraction": {
      "median": 0.10441909706950883,
      "p16": 0.03571531348851561,
      "p84": 0.2955370504827023,
      "p5": 0.027882507634781558,
      "p95": 0.3677582196609593,
      "width_frac": 0.6935293016818592,
      "rail_pct": 3.39,
      "is_cosmo": false
    },
    "VariableWindSpecMomentum": {
      "median": 2135.631591796875,
      "p16": 1077.763056640625,
      "p84": 3150.3690332031247,
      "p5": 490.7477355957032,
      "p95": 3650.0827514648436,
      "width_frac": 0.5187781262393093,
      "rail_pct": 0.9440000000000001,
      "is_cosmo": false
    },
    "WindFreeTravelDensFac": {
      "median": 0.03899556522880966,
      "p16": 0.019345283477055275,
      "p84": 0.08561271993448281,
      "p5": 0.013662143516677577,
      "p95": 0.137960243626084,
      "width_frac": 0.13390769459989318,
      "rail_pct": 0.02,
      "is_cosmo": false
    },
    "MinWindVel": {
      "median": 382.3784637451172,
      "p16": 279.55322631835935,
      "p84": 475.6801428222656,
      "p5": 217.69179458618163,
      "p95": 520.9140472412109,
      "width_frac": 0.4910784628772254,
      "rail_pct": 1.252,
      "is_cosmo": false
    },
    "WindEnergyReductionFactor": {
      "median": 0.42903398272067295,
      "p16": 0.1901358922077803,
      "p84": 0.7393916827112295,
      "p5": 0.10495345299123919,
      "p95": 0.870138326130355,
      "width_frac": 0.5861642058916211,
      "rail_pct": 1.4080000000000001,
      "is_cosmo": false
    },
    "WindEnergyReductionMetallicity": {
      "median": 0.002499948712124774,
      "p16": 0.001078175945317226,
      "p84": 0.005139216040441698,
      "p5": 0.0007177464259077251,
      "p95": 0.00678884726683345,
      "width_frac": 0.5429401227752472,
      "rail_pct": 1.568,
      "is_cosmo": false
    },
    "WindEnergyReductionExponent": {
      "median": 2.1316933631896973,
      "p16": 1.6232753038406371,
      "p84": 2.6102145195007322,
      "p5": 1.3180445611476899,
      "p95": 2.843854820728301,
      "width_frac": 0.4944337536496644,
      "rail_pct": 1.13,
      "is_cosmo": false
    },
    "WindDumpFactor": {
      "median": 0.568689227104187,
      "p16": 0.3598313343524933,
      "p84": 0.8100807285308838,
      "p5": 0.2755682647228241,
      "p95": 0.9161959677934646,
      "width_frac": 0.5630651220279006,
      "rail_pct": 0.658,
      "is_cosmo": false
    },
    "SeedBlackHoleMass": {
      "median": 5.9304610132443754e-05,
      "p16": 3.6092299352316806e-05,
      "p84": 0.00010462838801181833,
      "p5": 2.893699557052941e-05,
      "p95": 0.00015040745526510017,
      "width_frac": 0.30171109386198824,
      "rail_pct": 1.644,
      "is_cosmo": false
    },
    "BlackHoleAccretionFactor": {
      "median": 0.7805873922643639,
      "p16": 0.3644832922006977,
      "p84": 2.1309704638392484,
      "p5": 0.29558117877637535,
      "p95": 3.021739722668631,
      "width_frac": 0.4711662741288897,
      "rail_pct": 1.308,
      "is_cosmo": false
    },
    "BlackHoleEddingtonFactor": {
      "median": 1.5667573613081605,
      "p16": 0.27664007578916344,
      "p84": 6.042534439227233,
      "p5": 0.140566898848808,
      "p95": 8.652710097708592,
      "width_frac": 0.5826466307167382,
      "rail_pct": 3.152,
      "is_cosmo": false
    },
    "BlackHoleFeedbackFactor": {
      "median": 0.2926258222054501,
      "p16": 0.17932672703903427,
      "p84": 0.3596672925103278,
      "p5": 0.08770830952868894,
      "p95": 0.3850204853440671,
      "width_frac": 0.48159525048080204,
      "rail_pct": 7.794,
      "is_cosmo": false
    },
    "BlackHoleRadiativeEfficiency": {
      "median": 0.24976696481117633,
      "p16": 0.10816470718323835,
      "p84": 0.5282290755981303,
      "p5": 0.06881635958139763,
      "p95": 0.6864076173829331,
      "width_frac": 0.5616637251784572,
      "rail_pct": 1.6400000000000001,
      "is_cosmo": false
    },