{
  "Omega0": {
    "median": 0.18579348921775818,
    "lo16": 0.12927937507629395,
    "hi84": 0.2642716121673584,
    "width_prior_ratio": 0.3378775989063761
  },
  "sigma8": {
    "median": 0.6780754327774048,
    "lo16": 0.624304654598236,
    "hi84": 0.755227267742157,
    "width_prior_ratio": 0.3275112273769129
  },
  "WindEnergyIn1e51erg": {
    "median": 6.326602935791016,
    "lo16": 3.2685856342315676,
    "hi84": 10.698821983337403,
    "width_prior_ratio": 0.42789645051655933
  },
  "RadioFeedbackFactor": {
    "median": 0.6787774562835693,
    "lo16": 0.3830580258369446,
    "hi84": 1.311465425491333,
    "width_prior_ratio": 0.44419307812011205
  },
  "VariableWindVelFactor": {
    "median": 10.32731819152832,
    "lo16": 7.432787742614746,
    "hi84": 13.088466339111328,
    "width_prior_ratio": 0.40848296332264084
  },
  "RadioFeedbackReiorientationFactor": {
    "median": 24.307960510253906,
    "lo16": 17.03483795166016,
    "hi84": 33.01005264282227,
    "width_prior_ratio": 0.4779068807195865
  },
  "OmegaBaryon": {
    "median": 0.04061040282249451,
    "lo16": 0.033208447694778445,
    "hi84": 0.049637455046176907,
    "width_prior_ratio": 0.4109717668450686
  },
  "HubbleParam": {
    "median": 0.533318042755127,
    "lo16": 0.49042473316192625,
    "hi84": 0.5912249183654785,
    "width_prior_ratio": 0.25222115652083643
  },
  "n_s": {
    "median": 0.8759263753890991,
    "lo16": 0.8042355370521546,
    "hi84": 0.9688912558555602,
    "width_prior_ratio": 0.41214417362120026
  },
  "MaxSfrTimescale": {
    "median": 2.402799606323242,
    "lo16": 1.625419020652771,
    "hi84": 3.4519823837280272,
    "width_prior_ratio": 0.5440674382331447
  },
  "FactorForSofterEQS": {
    "median": 0.31930631399154663,
    "lo16": 0.17357685446739196,
    "hi84": 0.5706932306289673,
    "width_prior_ratio": 0.5419883415229443
  },
  "IMFslope": {
    "median": -2.463221549987793,
    "lo16": -2.5987246894836424,
    "hi84": -2.3162754917144777,
    "width_prior_ratio": 0.28290184071430763
  },
  "SNII_MinMass_Msun": {
    "median": 8.684577941894531,
    "lo16": 6.674734115600586,
    "hi84": 10.552789192199707,
    "width_prior_ratio": 0.4851874884709081
  },
  "ThermalWindFraction": {
    "median": 0.11530174314975739,
    "lo16": 0.054508238732814795,
    "hi84": 0.23055256783962247,
    "width_prior_ratio": 0.5206103591404836
  },
  "VariableWindSpecMomentum": {
    "median": 2040.83642578125,
    "lo16": 971.7085498046877,
    "hi84": 3072.919853515625,
    "width_prior_ratio": 0.5259381065666562
  },
  "WindFreeTravelDensFac": {
    "median": 0.021768542006611824,
    "lo16": 0.008752511516213417,
    "hi84": 0.06659899890422821,
    "width_prior_ratio": 0.4409945343883308
  },
  "MinWindVel": {
    "median": 362.1483154296875,
    "lo16": 256.07802490234377,
    "hi84": 463.9428039550781,
    "width_prior_ratio": 0.5204686740766546
  },
  "WindEnergyReductionFactor": {
    "median": 0.29599177837371826,
    "lo16": 0.13766687870025635,
    "hi84": 0.6056666469573975,
    "width_prior_ratio": 0.5348185775200271
  },
  "WindEnergyReductionMetallicity": {
    "median": 0.0021706842817366123,
    "lo16": 0.0010738576576113702,
    "hi84": 0.0043300483748316765,
    "width_prior_ratio": 0.5037576943544738
  },
  "WindEnergyReductionExponent": {
    "median": 2.1429553031921387,
    "lo16": 1.6163768386840822,
    "hi84": 2.6265460586547853,
    "width_prior_ratio": 0.5060714493115089
  },
  "WindDumpFactor": {
    "median": 0.6169677972793579,
    "lo16": 0.4130866837501526,
    "hi84": 0.8198575544357299,
    "width_prior_ratio": 0.5086924999819635
  },
  "SeedBlackHoleMass": {
    "median": 5.88239126955159e-05,
    "lo16": 3.562412864994258e-05,
    "hi84": 0.0001047704226220958,
    "width_prior_ratio": 0.4694528798806698
  },
  "BlackHoleAccretionFactor": {
    "median": 0.8434796333312988,
    "lo16": 0.42485671877861025,
    "hi84": 1.7583049583435058,
    "width_prior_ratio": 0.5123360047023485
  },
  "BlackHoleEddingtonFactor": {
    "median": 1.203491449356079,
    "lo16": 0.34367103338241584,
    "hi84": 4.005919952392578,
    "width_prior_ratio": 0.5335089119019826
  },
  "BlackHoleFeedbackFactor": {
    "median": 0.172211691737175,
    "lo16": 0.08088536888360977,
    "hi84": 0.2991437864303589,
    "width_prior_ratio": 0.4720457179306992
  },
  "BlackHoleRadiativeEfficiency": {
    "median": 0.218054860830307,
    "lo16": 0.10845996528863908,
    "hi84": 0.43695445775985714,
    "width_prior_ratio": 0.5030823984813315
  },
  "QuasarThreshold": {
    "median": 0.0038542007096111774,
    "lo16": 0.0005125909368507565,
    "hi84": 0.02261761002242565,
    "width_prior_ratio": 0.5490180507143053
  },
  "QuasarThresholdPower": {
    "median": 2.3144173622131348,
    "lo16": 1.2496255397796632,
    "hi84": 3.262180299758911,
    "width_prior_ratio": 0.5035833540964791
  },
  "UVBH0beta": {
    "median": 2.433384895324707,
    "lo16": 1.0236481857299804,
    "hi84": 5.383141498565673,
    "width_prior_ratio": 0.5410226516415082
  },
  "UVBH0Deltaz": {
    "median": -2.3534040451049805,
    "lo16": -3.7145517921447753,
    "hi84": -1.041695990562439,
    "width_prior_ratio": 0.5350546356852725
  },
  "UVBHepbeta": {
    "median": 0.930246114730835,
    "lo16": 0.453406652212143,
    "hi84": 1.973744931221008,
    "width_prior_ratio": 0.5307328437242792
  },
  "UVBHepDeltaz": {
    "median": -0.5748189687728882,
    "lo16": -0.8154159379005432,
    "hi84": -0.312208788394928,
    "width_prior_ratio": 0.5035869043902158
  },
  "SNIa_Rate_Norm": {
    "median": 0.0014014093903824687,
    "lo16": 0.0011624582950025798,
    "hi84": 0.0016092298272997142,
    "width_prior_ratio": 0.49716961630163076
  },
  "SNIa_Rate_DTD_power": {
    "median": 1.1136503219604492,
    "lo16": 0.9912897396087647,
    "hi84": 1.2354673671722411,
    "width_prior_ratio": 0.5096164535698888
  },
  "SofteningComovingType01": {
    "median": 2.022770881652832,
    "lo16": 1.397820701599121,
    "hi84": 2.8796244716644286,
    "width_prior_ratio": 0.522085224830781
  }
}