{
  "Omega0": {
    "median": 0.30000001192092896,
    "lo16": 0.30000001192092896,
    "hi84": 0.30000001192092896,
    "width_prior_ratio": 0.0
  },
  "sigma8": {
    "median": 0.800000011920929,
    "lo16": 0.800000011920929,
    "hi84": 0.800000011920929,
    "width_prior_ratio": 0.0
  },
  "WindEnergyIn1e51erg": {
    "median": 9.441808700561523,
    "lo16": 5.110024948120118,
    "hi84": 12.940668678283691,
    "width_prior_ratio": 0.33529834493521077
  },
  "RadioFeedbackFactor": {
    "median": 3.5894529819488525,
    "lo16": 3.317092056274414,
    "hi84": 3.7942123508453367,
    "width_prior_ratio": 0.048503835392850865
  },
  "VariableWindVelFactor": {
    "median": 6.092195510864258,
    "lo16": 5.339442253112793,
    "hi84": 6.6023022651672365,
    "width_prior_ratio": 0.15326115750844435
  },
  "RadioFeedbackReiorientationFactor": {
    "median": 13.210199356079102,
    "lo16": 11.280191345214844,
    "hi84": 16.438087463378906,
    "width_prior_ratio": 0.2720229366834431
  },
  "OmegaBaryon": {
    "median": 0.04899999871850014,
    "lo16": 0.04899999871850014,
    "hi84": 0.04899999871850014,
    "width_prior_ratio": 0.0
  },
  "HubbleParam": {
    "median": 0.6711000204086304,
    "lo16": 0.6711000204086304,
    "hi84": 0.6711000204086304,
    "width_prior_ratio": 0.0
  },
  "n_s": {
    "median": 0.9624000191688538,
    "lo16": 0.9624000191688538,
    "hi84": 0.9624000191688538,
    "width_prior_ratio": 0.0
  },
  "MaxSfrTimescale": {
    "median": 1.8548980951309204,
    "lo16": 1.3781393146514893,
    "hi84": 2.6362270164489745,
    "width_prior_ratio": 0.46853155730253954
  },
  "FactorForSofterEQS": {
    "median": 0.28091001510620117,
    "lo16": 0.16401561141014098,
    "hi84": 0.4909023892879486,
    "width_prior_ratio": 0.49920796960273284
  },
  "IMFslope": {
    "median": -1.9512122869491577,
    "lo16": -1.9850955200195313,
    "hi84": -1.9187618732452392,
    "width_prior_ratio": 0.06643995069540473
  },
  "SNII_MinMass_Msun": {
    "median": 6.047794342041016,
    "lo16": 4.59438461303711,
    "hi84": 8.147686462402344,
    "width_prior_ratio": 0.44455727575288495
  },
  "ThermalWindFraction": {
    "median": 0.06924302130937576,
    "lo16": 0.038223050683736805,
    "hi84": 0.1332143723964691,
    "width_prior_ratio": 0.4507181786886015
  },
  "VariableWindSpecMomentum": {
    "median": 3300.49365234375,
    "lo16": 2620.373798828125,
    "hi84": 3773.76150390625,
    "width_prior_ratio": 0.28869564173518314
  },
  "WindFreeTravelDensFac": {
    "median": 0.12609994411468506,
    "lo16": 0.07738459348678589,
    "hi84": 0.2588330554962158,
    "width_prior_ratio": 0.2623771754302885
  },
  "MinWindVel": {
    "median": 351.53533935546875,
    "lo16": 246.798251953125,
    "hi84": 452.5119519042969,
    "width_prior_ratio": 0.5150826279512541
  },
  "WindEnergyReductionFactor": {
    "median": 0.5914179682731628,
    "lo16": 0.34120084762573244,
    "hi84": 0.8455297207832336,
    "width_prior_ratio": 0.32760437590304226
  },
  "WindEnergyReductionMetallicity": {
    "median": 0.004634798504412174,
    "lo16": 0.0025450752209872007,
    "hi84": 0.006797298975288868,
    "width_prior_ratio": 0.354921078715551
  },
  "WindEnergyReductionExponent": {
    "median": 2.2643485069274902,
    "lo16": 1.7542555046081543,
    "hi84": 2.716958541870117,
    "width_prior_ratio": 0.48229198800759626
  },
  "WindDumpFactor": {
    "median": 0.6700724363327026,
    "lo16": 0.46897929668426513,
    "hi84": 0.8536322379112243,
    "width_prior_ratio": 0.481032641222249
  },
  "SeedBlackHoleMass": {
    "median": 4.9956244765780866e-05,
    "lo16": 3.268514905357733e-05,
    "hi84": 8.288121636724099e-05,
    "width_prior_ratio": 0.4049324044311075
  },
  "BlackHoleAccretionFactor": {
    "median": 0.8439292907714844,
    "lo16": 0.43975879073143004,
    "hi84": 1.697057328224182,
    "width_prior_ratio": 0.48711193544788856
  },
  "BlackHoleEddingtonFactor": {
    "median": 0.7755467891693115,
    "lo16": 0.2807292151451111,
    "hi84": 2.24643518447876,
    "width_prior_ratio": 0.45179728771692296
  },
  "BlackHoleFeedbackFactor": {
    "median": 0.20388580858707428,
    "lo16": 0.1178638407588005,
    "hi84": 0.31853941798210145,
    "width_prior_ratio": 0.35883366604254135
  },
  "BlackHoleRadiativeEfficiency": {
    "median": 0.12298353016376495,
    "lo16": 0.0686615377664566,
    "hi84": 0.25738872289657594,
    "width_prior_ratio": 0.47707006578581673
  },
  "QuasarThreshold": {
    "median": 0.0009087800281122327,
    "lo16": 0.00019438687537331133,
    "hi84": 0.005063057448714972,
    "width_prior_ratio": 0.4725977364539586
  },
  "QuasarThresholdPower": {
    "median": 1.9864295721054077,
    "lo16": 1.450140390396118,
    "hi84": 2.5085936546325684,
    "width_prior_ratio": 0.2648471761156227
  },
  "UVBH0beta": {
    "median": 3.0467095375061035,
    "lo16": 1.2935953235626223,
    "hi84": 6.251024494171142,
    "width_prior_ratio": 0.5134551596738453
  },
  "UVBH0Deltaz": {
    "median": -2.494356632232666,
    "lo16": -3.754111623764038,
    "hi84": -1.2328637742996216,
    "width_prior_ratio": 0.5047056218928258
  },
  "UVBHepbeta": {
    "median": 0.7069066762924194,
    "lo16": 0.38515864729881294,
    "hi84": 1.4142722368240357,
    "width_prior_ratio": 0.4693269074870256
  },
  "UVBHepDeltaz": {
    "median": -0.3897021412849426,
    "lo16": -0.6461493229866028,
    "hi84": -0.15617938458919528,
    "width_prior_ratio": 0.490339703567868
  },
  "SNIa_Rate_Norm": {
    "median": 0.0014465932035818696,
    "lo16": 0.0012219623802229762,
    "hi84": 0.0016352519765496253,
    "width_prior_ratio": 0.45991074894745243
  },
  "SNIa_Rate_DTD_power": {
    "median": 1.1699845790863037,
    "lo16": 1.0461019086837768,
    "hi84": 1.2777732467651368,
    "width_prior_ratio": 0.4835149185652628
  },
  "SofteningComovingType01": {
    "median": 1.7267780303955078,
    "lo16": 1.2687359285354614,
    "hi84": 2.43006947517395,
    "width_prior_ratio": 0.46946329634416384
  }
}