{
  "target_name": "all_profiles",
  "n_tasks_total": 1009,
  "n_train": 807,
  "n_val": 100,
  "n_test": 102,
  "select_metric": "weighted_orig",
  "best_epoch": 216,
  "best_score": 0.3483923125267029,
  "best_val_loss": 4.887400840818882,
  "best_val_rmse_norm": 1.4993709886074067,
  "test": {
    "rmse_original_units": 0.2570754985014598,
    "nll_original_units": NaN,
    "per_target": {
      "gas_density": {
        "rmse_original_units": 0.0,
        "nll_original_units": NaN
      },
      "temperature": {
        "rmse_original_units": 0.2086828202009201,
        "nll_original_units": 16709635276800.0
      },
      "pressure": {
        "rmse_original_units": 7.486784133018432e-23,
        "nll_original_units": NaN
      },
      "metallicity": {
        "rmse_original_units": 0.17676015198230743,
        "nll_original_units": 3962291617792.0
      }
    }
  },
  "coverage": {
    "1sigma": 0.6912418194308855,
    "2sigma": 0.8901281773149655
  },
  "fewshot_rmse": {
    "1": 0.25791765988067866,
    "2": 0.25763120365883013,
    "5": 0.25726887956261635,
    "10": 0.25681570269703086
  },
  "fewshot_rel_improvement_pct": {
    "1": 0.0,
    "2": 0.11106498949356716,
    "5": 0.25154551974551165,
    "10": 0.42725154382899105
  },
  "mean_prior": {
    "enabled": true,
    "hidden_dim": 128,
    "epochs": 80,
    "lr": 0.001,
    "weight_decay": 0.001
  },
  "normalization": {
    "y_mean": [
      0.001294890302233398,
      0.05153972655534744,
      -0.04791245982050896,
      0.06751646101474762
    ],
    "y_std": [
      0.41847509145736694,
      1.1113874912261963,
      0.5508964657783508,
      1.2074867486953735
    ]
  },
  "target_names": [
    "gas_density",
    "temperature",
    "pressure",
    "metallicity"
  ],
  "checkpoint": "/mnt/home/mlee1/CAMELS_generate_profiles/anp_training_runs/anp_all_profiles_20260317_034453/best_model.pt"
}